{
  "project_info": {
    "project_number": "384760866916",
    "firebase_url": "https://todo-a8960.firebaseio.com",
    "project_id": "todo-a8960",
    "storage_bucket": "todo-a8960.appspot.com"
  },
  "client": [
    {
      "client_info": {
        "mobilesdk_app_id": "1:384760866916:android:40d91d860337806b",
        "android_client_info": {
          "package_name": "com.example.fatimajannat.todo"
        }
      },
      "oauth_client": [
        {
          "client_id": "384760866916-5dhqdfv3s70hi6lbom0n512vl63vvd8f.apps.googleusercontent.com",
          "client_type": 1,
          "android_info": {
            "package_name": "com.example.fatimajannat.todo",
            "certificate_hash": "9c23f8b4c17e8aae746e1d6bb7a5e5b41f34dae2"
          }
        },
        {
          "client_id": "384760866916-j1ebq3sid6e79786feu7gh5giusqam3d.apps.googleusercontent.com",
          "client_type": 3
        }
      ],
      "api_key": [
        {
          "current_key": "AIzaSyCztl1w_dcBL7b-JMLUDoOS5LXBOcAmCFg"
        }
      ],
      "services": {
        "analytics_service": {
          "status": 1
        },
        "appinvite_service": {
          "status": 2,
          "other_platform_oauth_client": [
            {
              "client_id": "384760866916-j1ebq3sid6e79786feu7gh5giusqam3d.apps.googleusercontent.com",
              "client_type": 3
            }
          ]
        },
        "ads_service": {
          "status": 2
        }
      }
    }
  ],
  "configuration_version": "1"
}